post_href,bill_of_sale_available,mortgage_available,repair_available,products_label,price,location,room_count,area,floor,city_and_added_time
/items/4788554,False,False,True,,110 000AZN,Masazır q.,3 otaqlı,77 m²,5/12 mərtəbə,"Bakı, bugün 02:43"
/items/4807546,False,False,True,Agentlik,189 000AZN,Nəriman Nərimanov m.,2 otaqlı,56 m²,12/17 mərtəbə,"Bakı, bugün 02:37"
/items/4817283,True,False,True,,170 000AZN,Nərimanov r.,3 otaqlı,70 m²,4/5 mərtəbə,"Bakı, bugün 02:21"
/items/4632061,False,False,True,Agentlik,170 000AZN,Nərimanov r.,2 otaqlı,56 m²,6/16 mərtəbə,"Bakı, bugün 02:16"
/items/4589465,True,True,True,,295 000AZN,Nərimanov r.,4 otaqlı,110 m²,7/9 mərtəbə,"Bakı, bugün 02:07"
/items/4498546,False,False,True,,159 000AZN,Biləcəri q.,2 otaqlı,68.5 m²,5/17 mərtəbə,"Bakı, bugün 02:04"
/items/4828790,True,False,True,,94 999AZN,Saray q.,2 otaqlı,91 m²,12/14 mərtəbə,"Bakı, bugün 01:50"
/items/4603064,True,False,True,Agentlik,236 999AZN,Əhmədli m.,3 otaqlı,110 m²,9/16 mərtəbə,"Bakı, bugün 01:41"
/items/4791003,True,False,True,Agentlik,210 000AZN,Qara Qarayev m.,3 otaqlı,90 m²,13/17 mərtəbə,"Bakı, bugün 01:41"
/items/4724892,True,False,False,,168 000AZN,Şah İsmayıl Xətai m.,1 otaqlı,61 m²,9/16 mərtəbə,"Bakı, bugün 01:40"
/items/4826193,False,False,True,,145 000AZN,Abşeron r.,3 otaqlı,100 m²,2/10 mərtəbə,"Bakı, bugün 01:40"
/items/4599121,False,False,False,,320 000AZN,Şah İsmayıl Xətai m.,3 otaqlı,137 m²,19/21 mərtəbə,"Bakı, bugün 01:39"
/items/4724836,False,False,True,,215 000AZN,Şah İsmayıl Xətai m.,2 otaqlı,65 m²,12/20 mərtəbə,"Bakı, bugün 01:39"
/items/4781797,True,True,True,,220 000AZN,Şah İsmayıl Xətai m.,2 otaqlı,85 m²,10/16 mərtəbə,"Bakı, bugün 01:38"
/items/4359572,False,False,False,,150 000AZN,Şah İsmayıl Xətai m.,2 otaqlı,53 m²,12/20 mərtəbə,"Bakı, bugün 01:38"
/items/4724752,True,False,False,,210 000AZN,Şah İsmayıl Xətai m.,3 otaqlı,80 m²,15/15 mərtəbə,"Bakı, bugün 01:37"
/items/4732398,True,True,True,,215 000AZN,Gənclik m.,3 otaqlı,85 m²,4/9 mərtəbə,"Bakı, bugün 01:37"
/items/3656354,False,False,False,,225 000AZN,Şah İsmayıl Xətai m.,2 otaqlı,93 m²,14/20 mərtəbə,"Bakı, bugün 01:36"
/items/4724671,True,False,False,,190 000AZN,Şah İsmayıl Xətai m.,2 otaqlı,70 m²,15/15 mərtəbə,"Bakı, bugün 01:36"
/items/4279501,True,True,False,,210 000AZN,Şah İsmayıl Xətai m.,3 otaqlı,85 m²,8/16 mərtəbə,"Bakı, bugün 01:35"
/items/4833659,False,False,True,Agentlik,173 500AZN,Nəriman Nərimanov m.,2 otaqlı,67 m²,14/17 mərtəbə,"Bakı, bugün 01:36"
/items/4544106,True,True,True,,270 000AZN,Şah İsmayıl Xətai m.,3 otaqlı,125 m²,19/20 mərtəbə,"Bakı, bugün 01:34"
/items/4580955,True,True,True,,237 000AZN,Şah İsmayıl Xətai m.,2 otaqlı,120 m²,5/16 mərtəbə,"Bakı, bugün 01:34"
/items/4408769,True,True,True,,305 000AZN,Şah İsmayıl Xətai m.,4 otaqlı,110 m²,5/16 mərtəbə,"Bakı, bugün 01:33"
/items/4828265,True,True,True,,165 000AZN,Şah İsmayıl Xətai m.,2 otaqlı,60 m²,8/16 mərtəbə,"Bakı, bugün 01:32"
/items/4830482,True,True,False,,220 000AZN,Şah İsmayıl Xətai m.,2 otaqlı,75 m²,12/16 mərtəbə,"Bakı, bugün 01:31"
/items/4259175,True,True,False,,320 000AZN,Şah İsmayıl Xətai m.,3 otaqlı,120 m²,11/16 mərtəbə,"Bakı, bugün 01:29"
/items/4828545,False,False,True,,300 000AZN,İnşaatçılar m.,4 otaqlı,176 m²,7/19 mərtəbə,"Bakı, bugün 01:29"
/items/4816627,True,True,True,,140 000AZN,Əhmədli m.,2 otaqlı,58 m²,2/6 mərtəbə,"Bakı, bugün 01:19"
/items/4769221,False,False,False,Agentlik,285 000AZN,Şah İsmayıl Xətai m.,2 otaqlı,91 m²,5/20 mərtəbə,"Bakı, bugün 01:14"
/items/4757240,True,True,True,,499 400AZN,Elmlər Akademiyası m.,4 otaqlı,175 m²,10/15 mərtəbə,"Bakı, bugün 01:12"
/items/4831338,True,True,True,,410 000AZN,Şah İsmayıl Xətai m.,3 otaqlı,142 m²,12/16 mərtəbə,"Bakı, bugün 01:09"
/items/4575149,True,True,True,Agentlik,133 000AZN,Həzi Aslanov m.,3 otaqlı,60 m²,2/9 mərtəbə,"Bakı, bugün 01:08"
/items/3296506,True,False,True,Agentlik,325 000AZN,Nərimanov r.,4 otaqlı,180 m²,2/16 mərtəbə,"Bakı, bugün 01:07"
/items/4487059,True,False,True,Agentlik,410 000AZN,Nərimanov r.,4 otaqlı,212 m²,8/14 mərtəbə,"Bakı, bugün 01:07"
/items/4741616,True,True,True,Agentlik,268 000AZN,Həzi Aslanov m.,3 otaqlı,126 m²,8/17 mərtəbə,"Bakı, bugün 01:07"
/items/3851828,True,False,True,Agentlik,285 000AZN,Xalqlar Dostluğu m.,3 otaqlı,140 m²,6/16 mərtəbə,"Bakı, bugün 01:07"
/items/3605603,True,False,True,Agentlik,338 000AZN,Nəriman Nərimanov m.,4 otaqlı,183 m²,5/16 mərtəbə,"Bakı, bugün 01:06"
/items/3326648,True,False,True,Agentlik,315 000AZN,Nərimanov r.,4 otaqlı,170 m²,17/17 mərtəbə,"Bakı, bugün 01:06"
/items/4048373,True,False,True,Agentlik,283 000AZN,Gənclik m.,4 otaqlı,142 m²,1/10 mərtəbə,"Bakı, bugün 01:06"
/items/3153010,True,False,True,Agentlik,297 000AZN,Nizami m.,3 otaqlı,148 m²,13/16 mərtəbə,"Bakı, bugün 01:06"
/items/1249996,True,False,False,Agentlik,325 000AZN,Nərimanov r.,3 otaqlı,140 m²,6/7 mərtəbə,"Bakı, bugün 01:06"
/items/3264951,True,False,True,Agentlik,255 000AZN,Binəqədi r.,3 otaqlı,133 m²,7/16 mərtəbə,"Bakı, bugün 01:05"
/items/4744299,False,False,True,,165 000AZN,Neftçilər m.,2 otaqlı,67 m²,9/18 mərtəbə,"Bakı, bugün 01:05"
/items/4514160,True,False,True,Agentlik,340 000AZN,Nəsimi r.,3 otaqlı,146 m²,8/16 mərtəbə,"Bakı, bugün 01:05"
/items/4503447,True,False,True,Agentlik,340 000AZN,Şah İsmayıl Xətai m.,3 otaqlı,155 m²,16/18 mərtəbə,"Bakı, bugün 01:05"
/items/2163371,True,False,False,Agentlik,272 000AZN,Nərimanov r.,3 otaqlı,128 m²,15/17 mərtəbə,"Bakı, bugün 01:05"
/items/4253840,True,False,True,Agentlik,295 000AZN,Nərimanov r.,3 otaqlı,148 m²,8/16 mərtəbə,"Bakı, bugün 01:05"
/items/4547024,True,False,True,Agentlik,295 000AZN,28 May m.,3 otaqlı,141 m²,2/16 mərtəbə,"Bakı, bugün 01:05"
/items/3309723,True,False,False,Agentlik,305 000AZN,Nərimanov r.,4 otaqlı,175 m²,7/16 mərtəbə,"Bakı, bugün 01:05"
/items/4648073,False,False,True,,137 000AZN,Qara Qarayev m.,2 otaqlı,53 m²,6/16 mərtəbə,"Bakı, bugün 01:05"
/items/4650512,True,True,True,Agentlik,131 000AZN,Həzi Aslanov m.,2 otaqlı,63 m²,4/17 mərtəbə,"Bakı, bugün 01:04"
/items/4407866,True,True,True,Agentlik,138 000AZN,Həzi Aslanov m.,3 otaqlı,80 m²,16/16 mərtəbə,"Bakı, bugün 01:04"
/items/4177685,True,True,True,Agentlik,106 000AZN,Hövsan q.,3 otaqlı,80 m²,1/5 mərtəbə,"Bakı, bugün 01:03"
/items/4749444,True,True,True,Agentlik,89 000AZN,Hövsan q.,3 otaqlı,70 m²,5/5 mərtəbə,"Bakı, bugün 01:03"
/items/4706440,True,False,True,Agentlik,66 000AZN,Hövsan q.,1 otaqlı,30 m²,2/4 mərtəbə,"Bakı, bugün 01:03"
/items/4751532,True,False,True,Agentlik,320 000AZN,Binəqədi r.,3 otaqlı,143 m²,10/16 mərtəbə,"Bakı, bugün 01:02"
/items/4381733,False,False,False,Agentlik,380 000AZN,Nəsimi r.,4 otaqlı,172 m²,7/16 mərtəbə,"Bakı, bugün 01:02"
/items/3171678,True,False,True,Agentlik,290 000AZN,Şah İsmayıl Xətai m.,3 otaqlı,135 m²,10/11 mərtəbə,"Bakı, bugün 01:01"
/items/4627159,False,False,True,Agentlik,340 000AZN,İnşaatçılar m.,4 otaqlı,155 m²,11/19 mərtəbə,"Bakı, bugün 01:01"
/items/2208549,True,False,False,Agentlik,460 000AZN,Şah İsmayıl Xətai m.,4 otaqlı,187 m²,10/16 mərtəbə,"Bakı, bugün 01:01"
/items/2393606,True,False,False,Agentlik,310 000AZN,Elmlər Akademiyası m.,3 otaqlı,133 m²,9/16 mərtəbə,"Bakı, bugün 01:01"
/items/2629264,True,False,False,Agentlik,440 000AZN,Elmlər Akademiyası m.,4 otaqlı,180 m²,4/16 mərtəbə,"Bakı, bugün 01:00"
/items/4836621,True,False,True,Agentlik,157 000AZN,8 Noyabr m.,2 otaqlı,65 m²,3/9 mərtəbə,"Bakı, bugün 00:59"
/items/4365405,True,False,True,Agentlik,383 000AZN,28 May m.,4 otaqlı,200 m²,8/16 mərtəbə,"Bakı, bugün 00:59"
/items/4836619,True,False,True,,117 000AZN,7-ci mikrorayon q.,2 otaqlı,45 m²,2/5 mərtəbə,"Bakı, bugün 00:59"
/items/4489265,True,False,True,Agentlik,299 000AZN,8 Noyabr m.,3 otaqlı,140 m²,6/16 mərtəbə,"Bakı, bugün 00:59"
/items/4402759,True,False,True,Agentlik,348 000AZN,Nəriman Nərimanov m.,4 otaqlı,170 m²,12/17 mərtəbə,"Bakı, bugün 00:59"
/items/4297314,True,True,True,,119 800AZN,Bakıxanov q.,2 otaqlı,82 m²,13/19 mərtəbə,"Bakı, bugün 00:57"
/items/4836618,True,False,True,,60 000AZN,Masazır q.,2 otaqlı,50 m²,6/6 mərtəbə,"Bakı, bugün 00:55"
/items/4836617,True,True,True,Agentlik,140 000AZN,Yeni Yasamal q.,2 otaqlı,75 m²,8/10 mərtəbə,"Bakı, bugün 00:55"
/items/4822058,True,False,True,,145 000AZN,7-ci mikrorayon q.,2 otaqlı,53 m²,10/10 mərtəbə,"Bakı, bugün 00:52"
/items/4836616,True,True,True,,140 000AZN,Yeni Günəşli q.,3 otaqlı,70 m²,4/10 mərtəbə,"Bakı, bugün 00:51"
/items/4828776,True,True,True,,96 500AZN,Yeni Günəşli q.,2 otaqlı,43 m²,14/16 mərtəbə,"Bakı, bugün 00:48"
/items/4689564,True,False,True,Agentlik,270 000AZN,Nəsimi r.,3 otaqlı,85 m²,5/12 mərtəbə,"Bakı, bugün 00:47"
/items/4039177,True,True,False,Agentlik,320 000AZN,Nəsimi r.,4 otaqlı,160 m²,8/10 mərtəbə,"Bakı, bugün 00:47"
/items/4836612,True,True,True,Agentlik,390 000AZN,28 May m.,3 otaqlı,130 m²,14/16 mərtəbə,"Bakı, bugün 00:47"
/items/4811678,True,False,True,Agentlik,599 900AZN,Xətai r.,3 otaqlı,120 m²,5/6 mərtəbə,"Bakı, bugün 00:46"
/items/4807525,True,True,True,,225 000AZN,Şah İsmayıl Xətai m.,3 otaqlı,65 m²,3/5 mərtəbə,"Bakı, bugün 00:46"
/items/4836611,False,False,False,,114 000AZN,Xətai r.,3 otaqlı,114 m²,13/13 mərtəbə,"Bakı, bugün 00:45"
/items/4836610,True,False,True,,157 000AZN,Yasamal q.,2 otaqlı,65 m²,3/9 mərtəbə,"Bakı, bugün 00:59"
/items/4369136,True,True,False,Agentlik,496 900AZN,Ağ şəhər q.,3 otaqlı,103 m²,3/5 mərtəbə,"Bakı, bugün 00:44"
/items/4806337,True,True,True,Agentlik,222 900AZN,İnşaatçılar m.,3 otaqlı,87 m²,6/18 mərtəbə,"Bakı, bugün 00:44"
/items/4804919,True,True,True,Agentlik,90 000AZN,Həzi Aslanov m.,2 otaqlı,47 m²,8/9 mərtəbə,"Bakı, bugün 00:44"
/items/4806263,True,True,True,Agentlik,228 900AZN,İnşaatçılar m.,3 otaqlı,113 m²,6/16 mərtəbə,"Bakı, bugün 00:44"
/items/4817268,True,False,True,,270 000AZN,Bayıl q.,3 otaqlı,90 m²,3/5 mərtəbə,"Bakı, bugün 00:43"
/items/4823242,False,False,True,Agentlik,239 900AZN,20 Yanvar m.,3 otaqlı,150 m²,21/23 mərtəbə,"Bakı, bugün 00:43"
/items/4823653,True,True,True,Agentlik,214 900AZN,20 Yanvar m.,2 otaqlı,80 m²,15/16 mərtəbə,"Bakı, bugün 00:43"
/items/4836605,True,False,True,,129 000AZN,Memar Əcəmi m.,2 otaqlı,58 m²,4/5 mərtəbə,"Bakı, bugün 00:42"
/items/4774956,True,True,True,,280 000AZN,Memar Əcəmi m.,3 otaqlı,160 m²,5/11 mərtəbə,"Bakı, bugün 00:38"
/items/4806273,True,True,True,Agentlik,164 900AZN,İnşaatçılar m.,2 otaqlı,86 m²,17/18 mərtəbə,"Bakı, bugün 00:38"
/items/4806358,True,True,True,Agentlik,209 900AZN,İnşaatçılar m.,3 otaqlı,110 m²,9/20 mərtəbə,"Bakı, bugün 00:37"
/items/4792323,True,False,True,Agentlik,101 500AZN,7-ci mikrorayon q.,1 otaqlı,35 m²,2/5 mərtəbə,"Bakı, bugün 00:36"
/items/4833938,True,False,True,Agentlik,699 000AZN,Nardaran q.,3 otaqlı,133 m²,1/4 mərtəbə,"Bakı, bugün 00:35"
/items/4812429,True,True,True,,980 000AZN,28 May m.,6 otaqlı,370 m²,16/22 mərtəbə,"Bakı, bugün 00:32"
/items/4763096,False,False,True,Agentlik,145 000AZN,Avtovağzal m.,2 otaqlı,84 m²,11/16 mərtəbə,"Bakı, bugün 00:31"
/items/4361604,True,False,True,,163 000AZN,İnşaatçılar m.,2 otaqlı,84 m²,17/18 mərtəbə,"Bakı, bugün 00:30"
/items/4797662,True,True,True,,197 000AZN,Yeni Yasamal q.,4 otaqlı,109 m²,4/10 mərtəbə,"Bakı, bugün 00:29"
/items/4777693,False,False,True,,290 000AZN,Azadlıq Prospekti m.,4 otaqlı,190 m²,9/9 mərtəbə,"Bakı, bugün 00:28"
/items/4806309,False,False,True,,200 000AZN,Həzi Aslanov m.,3 otaqlı,100 m²,6/16 mərtəbə,"Bakı, bugün 00:27"
/items/4799194,True,True,True,,139 000AZN,Həzi Aslanov m.,2 otaqlı,68 m²,13/16 mərtəbə,"Bakı, bugün 00:27"
/items/4799141,True,True,True,,195 000AZN,Həzi Aslanov m.,3 otaqlı,90 m²,13/16 mərtəbə,"Bakı, bugün 00:26"
/items/4777759,True,False,False,,290 000AZN,Qara Qarayev m.,3 otaqlı,125 m²,9/16 mərtəbə,"Bakı, bugün 00:26"
/items/4800680,True,True,False,,465 000AZN,Elmlər Akademiyası m.,4 otaqlı,185 m²,12/18 mərtəbə,"Bakı, bugün 00:25"
/items/4834045,True,True,True,Agentlik,250 000AZN,28 May m.,2 otaqlı,74 m²,6/16 mərtəbə,"Bakı, bugün 00:25"
/items/4819830,True,False,True,,364 000AZN,Bakmil m.,3 otaqlı,110 m²,11/14 mərtəbə,"Bakı, bugün 00:25"
/items/3925062,False,False,True,Agentlik,417 000AZN,Nardaran q.,2 otaqlı,73 m²,5/8 mərtəbə,"Bakı, bugün 00:23"
/items/4836599,True,False,True,Agentlik,344 900AZN,Nərimanov r.,3 otaqlı,135 m²,14/19 mərtəbə,"Bakı, bugün 00:30"
/items/4809089,True,True,True,,395 000AZN,20 Yanvar m.,4 otaqlı,170 m²,7/18 mərtəbə,"Bakı, bugün 00:21"
/items/4806579,True,True,True,,273 000AZN,Qara Qarayev m.,3 otaqlı,124 m²,10/17 mərtəbə,"Bakı, bugün 00:20"
/items/4836595,True,True,True,Agentlik,158 000AZN,Memar Əcəmi m.,2 otaqlı,58 m²,7/13 mərtəbə,"Bakı, bugün 00:19"
/items/4820956,True,False,True,Agentlik,290 000AZN,Həzi Aslanov m.,3 otaqlı,120 m²,19/20 mərtəbə,"Bakı, bugün 00:19"
/items/4836594,True,True,True,,385 000AZN,Azadlıq Prospekti m.,3 otaqlı,158 m²,14/16 mərtəbə,"Bakı, bugün 00:18"
/items/4724216,True,False,True,,210 000AZN,Elmlər Akademiyası m.,3 otaqlı,73 m²,5/18 mərtəbə,"Bakı, bugün 00:18"
/items/4836593,True,True,True,,250 000AZN,Badamdar q.,3 otaqlı,102 m²,6/16 mərtəbə,"Bakı, bugün 00:17"
/items/4707501,True,True,True,,135 000AZN,Həzi Aslanov m.,2 otaqlı,60 m²,8/9 mərtəbə,"Bakı, bugün 00:17"
/items/4687209,True,False,True,,136 000AZN,Azadlıq Prospekti m.,2 otaqlı,42 m²,3/19 mərtəbə,"Bakı, bugün 00:16"
/items/4836589,False,False,False,,380 000AZN,28 May m.,4 otaqlı,200 m²,16/21 mərtəbə,"Bakı, bugün 00:13"
/items/4700926,True,False,True,,270 000AZN,Xalqlar Dostluğu m.,3 otaqlı,112 m²,2/12 mərtəbə,"Bakı, bugün 00:12"
/items/4821872,True,True,True,,145 000AZN,Xalqlar Dostluğu m.,3 otaqlı,85 m²,5/9 mərtəbə,"Bakı, bugün 00:11"
/items/4831296,True,True,True,,135 000AZN,Əhmədli m.,2 otaqlı,58 m²,6/9 mərtəbə,"Bakı, bugün 00:11"
/items/4821754,True,True,True,,180 000AZN,Bakıxanov q.,5 otaqlı,120 m²,3/9 mərtəbə,"Bakı, bugün 00:10"
/items/4768540,True,False,True,,254 000AZN,Nəriman Nərimanov m.,4 otaqlı,110 m²,6/9 mərtəbə,"Bakı, bugün 00:08"
/items/4001146,True,False,True,,550 000AZN,28 May m.,4 otaqlı,185 m²,2/3 mərtəbə,"Bakı, bugün 00:08"
/items/4823845,True,False,True,,152 000AZN,Azadlıq Prospekti m.,2 otaqlı,45 m²,5/9 mərtəbə,"Bakı, bugün 00:07"
/items/4759200,True,False,False,,520 000AZN,Ağ şəhər q.,3 otaqlı,109 m²,5/7 mərtəbə,"Bakı, bugün 00:07"
/items/4713318,True,False,True,,195 000AZN,Azadlıq Prospekti m.,3 otaqlı,82 m²,5/9 mərtəbə,"Bakı, bugün 00:06"
/items/4829436,True,True,True,Agentlik,163 000AZN,İnşaatçılar m.,3 otaqlı,90 m²,6/9 mərtəbə,"Bakı, bugün 00:06"
/items/4836586,True,False,True,,308 000AZN,Qara Qarayev m.,4 otaqlı,130 m²,2/17 mərtəbə,"Bakı, bugün 00:15"
/items/4614504,True,False,True,,260 000AZN,Həzi Aslanov m.,3 otaqlı,133 m²,9/16 mərtəbə,"Bakı, bugün 00:05"
/items/4795114,False,False,True,,355 000AZN,28 May m.,3 otaqlı,108 m²,10/15 mərtəbə,"Bakı, bugün 00:19"
/items/4828732,True,False,True,,225 000AZN,Nəriman Nərimanov m.,2 otaqlı,46 m²,9/16 mərtəbə,"Bakı, bugün 00:05"
/items/4714571,True,False,True,,690 000AZN,Nəsimi r.,4 otaqlı,205 m²,13/19 mərtəbə,"Bakı, bugün 00:03"
/items/4638710,True,False,True,Agentlik,330 000AZN,Nəriman Nərimanov m.,3 otaqlı,105 m²,10/16 mərtəbə,"Bakı, bugün 00:01"
/items/4829729,False,False,False,,275 000AZN,Şah İsmayıl Xətai m.,3 otaqlı,156 m²,23/24 mərtəbə,"Bakı, bugün 00:00"
/items/4836581,True,False,True,,130 000AZN,Azadlıq Prospekti m.,2 otaqlı,50 m²,2/17 mərtəbə,"Bakı, bugün 23:59"
/items/4836580,True,False,True,,70 000AZN,Masazır q.,2 otaqlı,54 m²,5/6 mərtəbə,"Bakı, bugün 23:59"
/items/4800064,True,False,True,,270 000AZN,Nəriman Nərimanov m.,4 otaqlı,154 m²,5/18 mərtəbə,"Bakı, bugün 23:59"
/items/3510376,True,False,True,,75 000AZN,Masazır q.,3 otaqlı,83 m²,5/5 mərtəbə,"Bakı, bugün 23:59"
/items/4800060,True,False,True,,379 000AZN,Gənclik m.,3 otaqlı,140 m²,14/16 mərtəbə,"Bakı, bugün 23:58"
/items/4836577,True,False,True,,174 000AZN,Memar Əcəmi m.,2 otaqlı,57 m²,13/18 mərtəbə,"Bakı, bugün 23:58"
/items/4746104,True,False,True,Agentlik,225 000AZN,Həzi Aslanov m.,3 otaqlı,130 m²,19/19 mərtəbə,"Bakı, bugün 23:58"
/items/4800062,False,False,True,,199 000AZN,Nəriman Nərimanov m.,2 otaqlı,55 m²,4/15 mərtəbə,"Bakı, bugün 23:58"
/items/4802502,False,False,True,,175 000AZN,Nəriman Nərimanov m.,2 otaqlı,55 m²,9/15 mərtəbə,"Bakı, bugün 23:57"
/items/4587740,True,False,True,Agentlik,299 000AZN,Xətai r.,4 otaqlı,140 m²,4/18 mərtəbə,"Bakı, bugün 23:57"
/items/4800061,True,False,True,,218 000AZN,Nəriman Nərimanov m.,2 otaqlı,68 m²,14/14 mərtəbə,"Bakı, bugün 23:57"
/items/4782944,True,True,False,Agentlik,88 000AZN,Hövsan q.,2 otaqlı,50 m²,6/9 mərtəbə,"Bakı, bugün 23:56"
/items/4821898,True,True,True,Agentlik,93 000AZN,Hövsan q.,2 otaqlı,50 m²,7/9 mərtəbə,"Bakı, bugün 23:56"
/items/4709671,True,True,True,Agentlik,90 000AZN,Hövsan q.,3 otaqlı,80 m²,7/7 mərtəbə,"Bakı, bugün 23:55"
/items/4836574,True,True,False,Agentlik,218 000AZN,Nəriman Nərimanov m.,2 otaqlı,95 m²,3/18 mərtəbə,"Bakı, bugün 23:55"
/items/4836573,False,False,True,,325 000AZN,Nəsimi r.,3 otaqlı,110 m²,11/16 mərtəbə,"Bakı, bugün 23:55"
/items/4831033,True,False,True,Agentlik,98 500AZN,20 Yanvar m.,1 otaqlı,33 m²,3/5 mərtəbə,"Bakı, bugün 23:53"
/items/4501032,True,True,True,,240 000AZN,Nəriman Nərimanov m.,3 otaqlı,90 m²,9/19 mərtəbə,"Bakı, bugün 23:53"
/items/4831083,True,False,True,Agentlik,128 000AZN,Memar Əcəmi m.,2 otaqlı,50 m²,2/5 mərtəbə,"Bakı, bugün 23:52"
/items/4831023,True,False,True,Agentlik,101 500AZN,Memar Əcəmi m.,1 otaqlı,33 m²,4/5 mərtəbə,"Bakı, bugün 23:52"
/items/4787910,True,False,True,Agentlik,102 000AZN,Memar Əcəmi m.,1 otaqlı,34 m²,4/5 mərtəbə,"Bakı, bugün 23:52"
/items/4488791,True,True,True,,325 000AZN,Elmlər Akademiyası m.,3 otaqlı,131 m²,13/18 mərtəbə,"Bakı, bugün 23:50"
/items/4836567,True,False,True,,160 000AZN,Neftçilər m.,3 otaqlı,85 m²,9/9 mərtəbə,"Bakı, bugün 23:48"
/items/4820068,True,True,True,,220 000AZN,Nəsimi r.,3 otaqlı,80 m²,1/5 mərtəbə,"Bakı, bugün 23:48"
/items/3896250,True,False,True,,340 000AZN,Nəriman Nərimanov m.,5 otaqlı,200 m²,14/15 mərtəbə,"Bakı, bugün 23:48"
/items/4831439,True,True,True,Agentlik,230 000AZN,İnşaatçılar m.,3 otaqlı,98 m²,5/16 mərtəbə,"Bakı, bugün 23:46"
/items/4777529,False,False,False,Agentlik,106 000AZN,Biləcəri q.,2 otaqlı,70 m²,4/16 mərtəbə,"Bakı, bugün 23:46"
/items/4822002,True,False,True,,387 000AZN,Nərimanov r.,3 otaqlı,130 m²,6/17 mərtəbə,"Bakı, bugün 23:43"
/items/4460085,True,False,True,Agentlik,314 900AZN,Sabunçu r.,3 otaqlı,133 m²,11/20 mərtəbə,"Bakı, bugün 23:42"
/items/4836563,False,False,True,,455 000AZN,Nəriman Nərimanov m.,3 otaqlı,120 m²,16/17 mərtəbə,"Bakı, bugün 23:47"
/items/4836562,True,True,True,,335 000AZN,Nərimanov r.,3 otaqlı,150 m²,5/14 mərtəbə,"Bakı, bugün 23:39"
/items/4531219,True,True,True,Agentlik,325 000AZN,Elmlər Akademiyası m.,3 otaqlı,145 m²,14/18 mərtəbə,"Bakı, bugün 23:38"
/items/4831096,True,True,True,,172 000AZN,İnşaatçılar m.,2 otaqlı,74 m²,12/20 mərtəbə,"Bakı, bugün 23:47"
/items/4780061,True,False,True,Agentlik,380 000AZN,Qara Qarayev m.,3 otaqlı,140 m²,14/16 mərtəbə,"Bakı, bugün 23:37"
/items/4819788,True,False,True,,950 000AZN,Elmlər Akademiyası m.,7 otaqlı,350 m²,15/20 mərtəbə,"Bakı, bugün 23:36"
/items/4802852,True,False,True,Agentlik,326 000AZN,Qara Qarayev m.,3 otaqlı,137 m²,14/14 mərtəbə,"Bakı, bugün 23:35"
/items/4836557,True,False,True,,110 000AZN,Nərimanov r.,2 otaqlı,45 m²,4/5 mərtəbə,"Bakı, bugün 23:35"
/items/4826682,True,False,True,Agentlik,235 000AZN,Qara Qarayev m.,3 otaqlı,95 m²,13/14 mərtəbə,"Bakı, bugün 23:31"
/items/4780240,True,True,True,,199 000AZN,Bakıxanov q.,4 otaqlı,160 m²,11/14 mərtəbə,"Bakı, bugün 23:31"
/items/4836556,True,True,True,Agentlik,360 000AZN,Nəriman Nərimanov m.,3 otaqlı,90 m²,16/17 mərtəbə,"Bakı, bugün 23:31"
/items/4457954,True,False,True,,170 000AZN,28 May m.,3 otaqlı,68 m²,2/4 mərtəbə,"Bakı, bugün 23:30"
/items/4698078,True,False,True,,285 000AZN,Nəriman Nərimanov m.,3 otaqlı,135 m²,2/19 mərtəbə,"Bakı, bugün 23:30"
/items/4833996,True,True,False,Agentlik,299 000AZN,Nəriman Nərimanov m.,4 otaqlı,190 m²,15/16 mərtəbə,"Bakı, bugün 23:30"
/items/4652855,True,False,True,,300 000AZN,20 Yanvar m.,4 otaqlı,127 m²,9/18 mərtəbə,"Bakı, bugün 23:29"
/items/4755024,True,True,True,,159 900AZN,Azadlıq Prospekti m.,2 otaqlı,61 m²,10/14 mərtəbə,"Bakı, bugün 23:29"
/items/4417305,True,False,True,,98 000AZN,Neftçilər m.,1 otaqlı,30 m²,3/5 mərtəbə,"Bakı, bugün 23:28"
/items/4777744,True,True,True,Agentlik,233 000AZN,Nəriman Nərimanov m.,2 otaqlı,102 m²,14/15 mərtəbə,"Bakı, bugün 23:39"
/items/4552384,True,True,False,Agentlik,335 000AZN,Nəriman Nərimanov m.,3 otaqlı,151 m²,5/14 mərtəbə,"Bakı, bugün 23:27"
/items/4705497,False,False,True,,272 000AZN,Neftçilər m.,3 otaqlı,119 m²,8/18 mərtəbə,"Bakı, bugün 23:27"
/items/4826145,True,True,True,Agentlik,357 000AZN,Ağ şəhər q.,3 otaqlı,82 m²,5/8 mərtəbə,"Bakı, bugün 23:25"
/items/4352066,False,False,False,Kompleks,372 600AZN,Ağ şəhər q.,2 otaqlı,81 m²,4/20 mərtəbə,"Bakı, bugün 23:24"
/items/4351913,False,False,False,Kompleks,451 200AZN,Ağ şəhər q.,3 otaqlı,117 m²,6/7 mərtəbə,"Bakı, bugün 23:23"
/items/4352079,False,False,False,Kompleks,535 000AZN,Ağ şəhər q.,3 otaqlı,135 m²,10/20 mərtəbə,"Bakı, bugün 23:22"
/items/4240333,False,False,False,Kompleks,448 600AZN,Ağ şəhər q.,3 otaqlı,118 m²,3/8 mərtəbə,"Bakı, bugün 23:22"
/items/4240467,False,False,False,Kompleks,500 000AZN,Şah İsmayıl Xətai m.,3 otaqlı,135 m²,2/7 mərtəbə,"Bakı, bugün 23:22"
/items/4352182,False,False,False,Kompleks,524 000AZN,Ağ şəhər q.,3 otaqlı,136 m²,3/8 mərtəbə,"Bakı, bugün 23:21"
/items/4733742,True,False,True,Agentlik,232 000AZN,Həzi Aslanov m.,3 otaqlı,117 m²,11/16 mərtəbə,"Bakı, bugün 23:56"
/items/4824168,True,False,True,,129 000AZN,Nəsimi r.,2 otaqlı,52 m²,4/5 mərtəbə,"Bakı, bugün 23:19"
/items/4574657,True,False,True,Agentlik,160 000AZN,Neftçilər m.,3 otaqlı,71 m²,13/19 mərtəbə,"Bakı, bugün 23:18"
/items/4758114,True,False,True,Agentlik,265 000AZN,Xalqlar Dostluğu m.,3 otaqlı,103 m²,10/16 mərtəbə,"Bakı, bugün 23:18"
/items/4836546,False,False,True,,480 000AZN,Gənclik m.,3 otaqlı,140 m²,6/17 mərtəbə,"Bakı, bugün 23:17"
/items/4641464,False,False,True,,555 000AZN,Ağ şəhər q.,3 otaqlı,140 m²,4/7 mərtəbə,"Bakı, bugün 23:16"
/items/4836545,False,False,True,,325 000AZN,Nərimanov r.,3 otaqlı,102 m²,10/14 mərtəbə,"Bakı, bugün 23:16"
/items/4641399,True,False,True,,685 000AZN,Ağ şəhər q.,4 otaqlı,160 m²,2/6 mərtəbə,"Bakı, bugün 23:16"
/items/4768341,True,False,True,,129 000AZN,Bakıxanov q.,2 otaqlı,55 m²,2/5 mərtəbə,"Bakı, bugün 23:16"
/items/4836542,True,True,True,Agentlik,300 000AZN,Nizami m.,3 otaqlı,130 m²,10/17 mərtəbə,"Bakı, bugün 23:14"
/items/4824964,True,True,True,Agentlik,222 000AZN,28 May m.,2 otaqlı,68 m²,6/15 mərtəbə,"Bakı, bugün 23:39"
/items/4836541,False,False,True,,249 000AZN,Nəriman Nərimanov m.,2 otaqlı,80 m²,15/16 mərtəbə,"Bakı, bugün 23:14"
/items/4826101,True,True,True,Agentlik,228 000AZN,28 May m.,3 otaqlı,95 m²,14/14 mərtəbə,"Bakı, bugün 23:14"
/items/4826050,True,True,True,Agentlik,330 000AZN,Sahil m.,6 otaqlı,220 m²,4/5 mərtəbə,"Bakı, bugün 23:39"
/items/4836539,True,False,True,,115 000AZN,Elmlər Akademiyası m.,2 otaqlı,35 m²,2/5 mərtəbə,"Bakı, bugün 23:13"
/items/4406053,False,False,True,Agentlik,250 000AZN,Bayıl q.,3 otaqlı,110 m²,4/6 mərtəbə,"Bakı, bugün 23:11"
/items/4836536,True,True,True,,240 000AZN,İnşaatçılar m.,2 otaqlı,90 m²,11/17 mərtəbə,"Bakı, bugün 23:48"
/items/4763126,True,True,True,,163 000AZN,Biləcəri q.,3 otaqlı,90 m²,3/9 mərtəbə,"Bakı, bugün 23:11"
/items/4836534,False,False,True,,235 000AZN,28 May m.,2 otaqlı,71 m²,9/18 mərtəbə,"Bakı, bugün 23:10"
/items/4836533,True,False,True,,129 000AZN,Abşeron r.,4 otaqlı,130 m²,14/16 mərtəbə,"Bakı, bugün 23:09"
/items/4776749,True,True,True,Agentlik,325 000AZN,Nizami m.,3 otaqlı,115 m²,5/15 mərtəbə,"Bakı, bugün 23:06"
/items/4792563,False,False,True,,239 000AZN,Nəsimi r.,2 otaqlı,65 m²,14/18 mərtəbə,"Bakı, bugün 23:04"
/items/4836526,True,False,True,,190 000AZN,Qara Qarayev m.,3 otaqlı,76 m²,4/4 mərtəbə,"Bakı, dünən 23:04"
/items/4785563,True,True,True,Agentlik,145 000AZN,Həzi Aslanov m.,2 otaqlı,56 m²,12/19 mərtəbə,"Bakı, bugün 23:02"
/items/4825276,True,False,True,,106 000AZN,Əhmədli q.,2 otaqlı,60 m²,1/9 mərtəbə,"Bakı, bugün 23:00"
/items/4640471,True,True,True,,157 000AZN,Nəriman Nərimanov m.,2 otaqlı,57 m²,5/5 mərtəbə,"Bakı, bugün 22:59"
/items/4836523,True,False,True,,115 000AZN,Neftçilər m.,3 otaqlı,55 m²,2/5 mərtəbə,"Bakı, bugün 22:58"
/items/4819907,False,False,True,,85 500AZN,Masazır q.,3 otaqlı,82 m²,6/7 mərtəbə,"Bakı, bugün 22:57"
/items/4836519,True,False,True,,207 000AZN,20 Yanvar m.,5 otaqlı,120 m²,3/9 mərtəbə,"Bakı, bugün 22:56"
/items/4765846,False,False,True,,115 000AZN,Əhmədli m.,2 otaqlı,52.3 m²,4/7 mərtəbə,"Bakı, bugün 22:56"
/items/4369020,False,False,True,Agentlik,450 000AZN,Nardaran q.,2 otaqlı,80 m²,1/4 mərtəbə,"Bakı, bugün 22:55"
/items/4816242,True,False,True,,57 000AZN,Masazır q.,2 otaqlı,42 m²,5/6 mərtəbə,"Bakı, bugün 22:55"
/items/3220065,False,False,False,Agentlik,750 000AZN,Nardaran q.,4 otaqlı,180 m²,2/3 mərtəbə,"Bakı, bugün 22:54"
/items/4698761,False,False,True,Agentlik,275 000AZN,Nardaran q.,1 otaqlı,52 m²,2/2 mərtəbə,"Bakı, bugün 22:54"
/items/4558588,False,False,True,Agentlik,272 000AZN,Nardaran q.,1 otaqlı,46 m²,4/5 mərtəbə,"Bakı, bugün 22:53"
/items/4321180,True,False,True,,290 000AZN,8 Noyabr m.,2 otaqlı,98 m²,4/27 mərtəbə,"Bakı, bugün 22:52"
/items/4799945,True,True,True,,166 000AZN,Həzi Aslanov m.,3 otaqlı,91 m²,18/20 mərtəbə,"Bakı, bugün 22:52"
/items/3824155,True,False,False,,418 684AZN,Elmlər Akademiyası m.,2 otaqlı,110.2 m²,7/18 mərtəbə,"Bakı, bugün 22:48"
/items/4727776,True,True,True,,83 000AZN,Yeni Günəşli q.,2 otaqlı,51 m²,8/10 mərtəbə,"Bakı, bugün 22:49"
/items/3824160,True,False,False,,597 854AZN,Elmlər Akademiyası m.,4 otaqlı,157.3 m²,10/18 mərtəbə,"Bakı, bugün 22:47"
/items/4635915,True,False,False,,469 870AZN,Elmlər Akademiyası m.,3 otaqlı,123.6 m²,14/18 mərtəbə,"Bakı, bugün 22:41"
/items/4836512,True,False,True,,105 000AZN,Xalqlar Dostluğu m.,2 otaqlı,45 m²,5/5 mərtəbə,"Bakı, bugün 22:40"
/items/4833958,True,False,True,,155 000AZN,Yeni Günəşli q.,4 otaqlı,81 m²,7/9 mərtəbə,"Bakı, bugün 22:40"
/items/3824150,True,False,False,,469 870AZN,Elmlər Akademiyası m.,3 otaqlı,123.7 m²,11/18 mərtəbə,"Bakı, bugün 22:40"
/items/4237623,True,False,False,,543 730AZN,Elmlər Akademiyası m.,2 otaqlı,98.9 m²,15/18 mərtəbə,"Bakı, bugün 22:38"
/items/4836511,True,True,True,Agentlik,264 000AZN,İnşaatçılar m.,3 otaqlı,125.5 m²,6/17 mərtəbə,"Bakı, bugün 22:38"
/items/4623256,True,True,True,Agentlik,125 000AZN,Yasamal r.,2 otaqlı,45 m²,7/12 mərtəbə,"Bakı, bugün 22:38"
/items/4190770,True,False,False,,1 128 215AZN,Elmlər Akademiyası m.,4 otaqlı,205.1 m²,15/18 mərtəbə,"Bakı, bugün 22:37"
/items/4831223,True,False,False,,120 000AZN,Xətai r.,2 otaqlı,80.5 m²,6/15 mərtəbə,"Bakı, bugün 22:37"
/items/4190890,True,False,False,,833 195AZN,Elmlər Akademiyası m.,4 otaqlı,151.5 m²,15/18 mərtəbə,"Bakı, bugün 22:37"
/items/4836508,True,True,True,,163 000AZN,İnşaatçılar m.,3 otaqlı,80 m²,5/9 mərtəbə,"Bakı, bugün 22:50"
/items/4732828,True,True,True,,298 000AZN,Bayıl q.,3 otaqlı,110 m²,7/9 mərtəbə,"Bakı, bugün 22:36"
/items/4694618,True,True,True,,327 000AZN,8 Noyabr m.,2 otaqlı,102 m²,6/27 mərtəbə,"Bakı, bugün 22:34"
/items/4760504,True,True,True,,105 000AZN,20 Yanvar m.,2 otaqlı,46 m²,5/5 mərtəbə,"Bakı, bugün 22:34"
/items/4836509,False,False,True,,155 000AZN,Bayıl q.,2 otaqlı,63.5 m²,11/17 mərtəbə,"Bakı, bugün 22:33"
/items/4794991,True,False,True,,285 000AZN,Gənclik m.,3 otaqlı,115 m²,17/19 mərtəbə,"Bakı, bugün 22:30"
/items/4836507,True,True,True,,139 000AZN,İnşaatçılar m.,2 otaqlı,56 m²,9/12 mərtəbə,"Bakı, bugün 22:28"
/items/4326058,True,True,True,Agentlik,800 000AZN,Gənclik m.,4 otaqlı,217 m²,4/12 mərtəbə,"Bakı, bugün 22:29"
/items/4789843,True,False,True,,345 000AZN,28 May m.,3 otaqlı,100 m²,11/16 mərtəbə,"Bakı, bugün 22:28"
/items/4179611,True,False,False,Kompleks,589 950AZN,Nəriman Nərimanov m.,4 otaqlı,207 m²,11/19 mərtəbə,"Bakı, bugün 22:28"
/items/3891057,False,False,False,Kompleks,390 450AZN,Nərimanov r.,3 otaqlı,137 m²,14/19 mərtəbə,"Bakı, bugün 22:27"
/items/4836500,True,False,True,,125 000AZN,Lökbatan q.,3 otaqlı,78 m²,2/4 mərtəbə,"Bakı, bugün 22:27"
/items/3891147,False,False,False,Kompleks,615 000AZN,Nərimanov r.,4 otaqlı,217 m²,15/19 mərtəbə,"Bakı, bugün 22:27"
/items/4760051,True,False,True,Agentlik,92 000AZN,Masazır q.,2 otaqlı,63 m²,6/14 mərtəbə,"Bakı, bugün 22:27"
/items/3998452,False,False,False,,230 000AZN,Neftçilər m.,3 otaqlı,130 m²,2/17 mərtəbə,"Bakı, bugün 22:26"
/items/4836506,False,False,True,,245 000AZN,Əhmədli q.,3 otaqlı,93 m²,8/16 mərtəbə,"Bakı, bugün 22:26"
/items/4836504,True,True,True,,139 000AZN,Biləcəri q.,5 otaqlı,100 m²,5/5 mərtəbə,"Bakı, bugün 22:25"
/items/4786601,True,False,True,Agentlik,117 000AZN,Memar Əcəmi m.,2 otaqlı,50 m²,5/5 mərtəbə,"Bakı, bugün 22:24"
/items/4836501,False,False,False,,112 000AZN,7-ci mikrorayon q.,1 otaqlı,58 m²,8/16 mərtəbə,"Bakı, bugün 23:10"
/items/4326039,True,True,True,Agentlik,550 000AZN,Gənclik m.,4 otaqlı,145 m²,8/12 mərtəbə,"Bakı, bugün 22:24"
/items/4312922,False,False,True,Agentlik,217 500AZN,8 Noyabr m.,2 otaqlı,106 m²,3/16 mərtəbə,"Bakı, bugün 22:23"
/items/4658935,False,False,False,,485 000AZN,Nəriman Nərimanov m.,4 otaqlı,217 m²,7/17 mərtəbə,"Bakı, bugün 22:23"
/items/4706976,False,False,True,,550 000AZN,Qara Qarayev m.,4 otaqlı,186 m²,17/19 mərtəbə,"Bakı, bugün 22:21"
/items/4825899,True,True,True,Agentlik,235 000AZN,Qara Qarayev m.,3 otaqlı,102 m²,6/16 mərtəbə,"Bakı, bugün 22:20"
/items/4836497,True,False,True,,60 000AZN,Qara Qarayev m.,1 otaqlı,20 m²,4/5 mərtəbə,"Bakı, bugün 22:32"
/items/4758826,True,True,True,,136 000AZN,Həzi Aslanov q.,2 otaqlı,55 m²,20/20 mərtəbə,"Bakı, bugün 22:19"
/items/4716511,False,False,True,,360 000AZN,28 May m.,3 otaqlı,110 m²,4/16 mərtəbə,"Bakı, bugün 22:19"
/items/3148782,True,False,False,Agentlik,375 000AZN,Nəsimi r.,3 otaqlı,150 m²,7/16 mərtəbə,"Bakı, bugün 22:19"
/items/4794929,False,False,True,,63 500AZN,Masazır q.,2 otaqlı,50 m²,3/6 mərtəbə,"Bakı, bugün 22:18"
/items/3995948,True,False,True,Agentlik,270 000AZN,8 Noyabr m.,3 otaqlı,112 m²,2/7 mərtəbə,"Bakı, bugün 22:18"
/items/4599716,True,True,True,,265 000AZN,Nəsimi m.,3 otaqlı,135 m²,14/21 mərtəbə,"Bakı, bugün 22:18"
/items/4034832,True,False,True,Agentlik,369 000AZN,Nərimanov r.,4 otaqlı,180 m²,3/17 mərtəbə,"Bakı, bugün 22:18"
/items/4819718,False,False,True,,258 000AZN,Xalqlar Dostluğu m.,3 otaqlı,100 m²,10/17 mərtəbə,"Bakı, bugün 22:17"
/items/4318828,True,False,True,,101 500AZN,Dərnəgül m.,1 otaqlı,35 m²,2/5 mərtəbə,"Bakı, bugün 22:16"
/items/4833944,True,False,True,Agentlik,450 000AZN,Sahil m.,3 otaqlı,100 m²,7/8 mərtəbə,"Bakı, bugün 22:15"
/items/4836487,True,False,True,,185 000AZN,Nəriman Nərimanov m.,3 otaqlı,68 m²,3/5 mərtəbə,"Bakı, bugün 22:15"
/items/4627202,False,False,False,Agentlik,504 000AZN,Ağ şəhər q.,3 otaqlı,140 m²,4/8 mərtəbə,"Bakı, bugün 22:15"
/items/4607020,False,False,False,Agentlik,653 000AZN,Ağ şəhər q.,4 otaqlı,199 m²,3/8 mərtəbə,"Bakı, bugün 22:14"
/items/4814159,True,False,True,,243 000AZN,Elmlər Akademiyası m.,2 otaqlı,112 m²,6/18 mərtəbə,"Bakı, bugün 22:14"
/items/4692445,True,True,True,Agentlik,92 000AZN,Xətai r.,2 otaqlı,42 m²,1/8 mərtəbə,"Bakı, bugün 22:14"
/items/4836491,True,False,True,,105 000AZN,Hövsan q.,3 otaqlı,80 m²,7/7 mərtəbə,"Bakı, bugün 22:13"
/items/4833965,True,False,True,Agentlik,259 000AZN,Sahil m.,3 otaqlı,90 m²,2/2 mərtəbə,"Bakı, bugün 22:10"
/items/4811656,True,False,True,Agentlik,449 900AZN,Sahil m.,3 otaqlı,100 m²,5/6 mərtəbə,"Bakı, bugün 22:26"
/items/4606999,False,False,True,Agentlik,300 000AZN,Qara Qarayev m.,3 otaqlı,120 m²,15/17 mərtəbə,"Bakı, bugün 22:09"
/items/4033099,True,False,True,Agentlik,485 000AZN,28 May m.,3 otaqlı,125 m²,3/4 mərtəbə,"Bakı, bugün 22:08"
/items/4793451,False,False,True,Agentlik,260 000AZN,Qara Qarayev m.,3 otaqlı,93 m²,3/15 mərtəbə,"Bakı, bugün 22:08"
/items/4704998,False,False,True,,270 000AZN,Elmlər Akademiyası m.,3 otaqlı,80 m²,3/12 mərtəbə,"Bakı, bugün 22:07"
/items/3938295,False,False,True,Agentlik,260 000AZN,Nərimanov r.,4 otaqlı,105 m²,8/16 mərtəbə,"Bakı, bugün 22:07"
/items/4086483,False,False,False,Agentlik,824 000AZN,Şah İsmayıl Xətai m.,5 otaqlı,266 m²,3/7 mərtəbə,"Bakı, bugün 22:07"
/items/4776596,True,False,True,Agentlik,225 000AZN,Qara Qarayev m.,2 otaqlı,85 m²,3/17 mərtəbə,"Bakı, bugün 22:07"
/items/4615794,True,False,True,Agentlik,152 000AZN,Memar Əcəmi m.,3 otaqlı,100 m²,1/5 mərtəbə,"Bakı, bugün 22:07"
/items/4723605,True,True,True,Agentlik,530 000AZN,Şah İsmayıl Xətai m.,4 otaqlı,165 m²,20/21 mərtəbə,"Bakı, bugün 22:07"
/items/4733139,False,False,False,,157 000AZN,Nərimanov r.,1 otaqlı,73.6 m²,7/17 mərtəbə,"Bakı, bugün 22:07"
/items/4302854,False,False,True,Agentlik,240 000AZN,20 Yanvar m.,3 otaqlı,105 m²,10/14 mərtəbə,"Bakı, bugün 22:07"
/items/4681008,True,False,True,Agentlik,210 000AZN,Gənclik m.,3 otaqlı,90 m²,2/5 mərtəbə,"Bakı, bugün 22:06"
/items/4678383,True,True,True,Agentlik,327 000AZN,Nəriman Nərimanov m.,3 otaqlı,160 m²,8/12 mərtəbə,"Bakı, bugün 22:06"
/items/4219985,True,True,True,Agentlik,115 000AZN,Yasamal r.,1 otaqlı,40 m²,8/12 mərtəbə,"Bakı, bugün 22:06"
/items/4760329,True,True,True,Agentlik,137 000AZN,7-ci mikrorayon q.,2 otaqlı,50 m²,15/17 mərtəbə,"Bakı, bugün 22:06"
/items/4762822,False,False,True,Agentlik,264 000AZN,Azadlıq Prospekti m.,3 otaqlı,110 m²,12/19 mərtəbə,"Bakı, bugün 22:06"
/items/4753601,True,False,True,,79 000AZN,Masazır q.,3 otaqlı,70 m²,3/6 mərtəbə,"Bakı, bugün 22:06"
/items/4836486,True,False,True,,68 500AZN,Masazır q.,2 otaqlı,40 m²,7/7 mərtəbə,"Bakı, bugün 22:05"
/items/4833932,True,False,True,Agentlik,625 000AZN,28 May m.,3 otaqlı,135 m²,11/22 mərtəbə,"Bakı, bugün 22:05"
/items/4819826,False,False,False,Agentlik,399 900AZN,İçəri Şəhər m.,3 otaqlı,142 m²,5/12 mərtəbə,"Bakı, bugün 22:05"
/items/4762600,True,True,False,Agentlik,262 500AZN,8 Noyabr m.,3 otaqlı,105 m²,9/12 mərtəbə,"Bakı, bugün 22:05"
/items/4764124,False,False,False,,155 000AZN,28 May m.,2 otaqlı,57.8 m²,16/16 mərtəbə,"Bakı, bugün 22:04"
/items/4819753,True,False,True,,142 000AZN,İnşaatçılar m.,2 otaqlı,65 m²,4/9 mərtəbə,"Bakı, bugün 22:04"
/items/4836484,True,False,True,,125 000AZN,Biləcəri q.,3 otaqlı,70 m²,5/5 mərtəbə,"Bakı, bugün 22:14"
/items/4435671,False,False,False,,230 000AZN,Elmlər Akademiyası m.,3 otaqlı,130 m²,6/16 mərtəbə,"Bakı, bugün 22:03"
/items/4831177,True,False,True,,93 000AZN,Memar Əcəmi m.,1 otaqlı,35 m²,4/5 mərtəbə,"Bakı, bugün 22:02"
/items/4819545,True,True,True,,220 000AZN,Nəriman Nərimanov m.,2 otaqlı,67.3 m²,10/21 mərtəbə,"Bakı, bugün 22:02"
/items/4738965,False,True,False,Kompleks,694 080AZN,Nizami m.,4 otaqlı,241 m²,3/16 mərtəbə,"Bakı, bugün 22:02"
/items/4737494,False,True,False,Kompleks,782 320AZN,Nizami m.,5 otaqlı,254 m²,14/16 mərtəbə,"Bakı, bugün 22:02"
/items/4707491,True,True,True,,165 000AZN,Azadlıq Prospekti m.,2 otaqlı,60 m²,16/17 mərtəbə,"Bakı, bugün 22:02"
/items/4735337,False,True,False,Kompleks,1 535 580AZN,Nizami m.,8 otaqlı,449 m²,15/16 mərtəbə,"Bakı, bugün 22:01"
/items/4836483,True,True,True,,58 500AZN,Abşeron r.,2 otaqlı,36 m²,8/11 mərtəbə,"Bakı, bugün 22:01"
/items/4690404,False,True,False,Kompleks,516 600AZN,Nizami m.,3 otaqlı,164 m²,16/16 mərtəbə,"Bakı, bugün 22:01"
/items/4836482,True,False,True,,400 000AZN,28 May m.,3 otaqlı,121 m²,6/18 mərtəbə,"Bakı, bugün 22:01"
/items/4735338,False,True,False,Kompleks,1 309 630AZN,Nizami m.,5 otaqlı,371 m²,15/16 mərtəbə,"Bakı, bugün 22:01"
/items/4738839,True,False,True,,87 000AZN,Köhnə Günəşli q.,2 otaqlı,35 m²,9/9 mərtəbə,"Bakı, bugün 22:01"
/items/4735339,False,True,False,Kompleks,1 258 560AZN,Nizami m.,5 otaqlı,368 m²,15/16 mərtəbə,"Bakı, bugün 22:01"
/items/4737499,False,True,False,Kompleks,1 045 280AZN,Nizami m.,5 otaqlı,278 m²,15/16 mərtəbə,"Bakı, bugün 22:00"
/items/4744383,False,True,False,Kompleks,493 890AZN,Nizami m.,3 otaqlı,163 m²,10/16 mərtəbə,"Bakı, bugün 22:00"
/items/4690396,False,True,False,Kompleks,352 170AZN,Nizami m.,2 otaqlı,117 m²,4/16 mərtəbə,"Bakı, bugün 22:00"
/items/4791865,True,False,True,,102 000AZN,Memar Əcəmi m.,2 otaqlı,50 m²,5/5 mərtəbə,"Bakı, bugün 21:59"
/items/4744387,False,True,False,Kompleks,359 190AZN,Nizami m.,2 otaqlı,117 m²,9/16 mərtəbə,"Bakı, bugün 21:59"
/items/4744384,False,True,False,Kompleks,487 370AZN,Nizami m.,3 otaqlı,163 m²,6/16 mərtəbə,"Bakı, bugün 21:59"
/items/4744382,False,True,False,Kompleks,502 040AZN,Nizami m.,3 otaqlı,163 m²,14/16 mərtəbə,"Bakı, bugün 21:59"
/items/4738972,False,True,False,Kompleks,360 360AZN,Nizami m.,2 otaqlı,117 m²,10/16 mərtəbə,"Bakı, bugün 21:59"
/items/4539515,False,False,False,Agentlik,375 000AZN,Şah İsmayıl Xətai m.,3 otaqlı,125 m²,18/20 mərtəbə,"Bakı, bugün 21:59"
/items/4738969,False,True,False,Kompleks,679 800AZN,Nizami m.,4 otaqlı,220 m²,10/16 mərtəbə,"Bakı, bugün 21:59"
/items/4762622,True,True,True,Agentlik,275 000AZN,8 Noyabr m.,3 otaqlı,85 m²,5/12 mərtəbə,"Bakı, bugün 21:59"
/items/4515281,True,True,True,Agentlik,1 450 000AZN,İçəri Şəhər m.,5 otaqlı,136 m²,4/4 mərtəbə,"Bakı, bugün 21:58"
/items/4735325,False,True,False,Kompleks,228 240AZN,Nizami m.,1 otaqlı,72 m²,13/16 mərtəbə,"Bakı, bugün 21:58"
/items/4738960,False,True,False,Kompleks,734 160AZN,Nizami m.,4 otaqlı,266 m²,3/16 mərtəbə,"Bakı, bugün 21:58"
/items/4738958,False,True,False,Kompleks,717 600AZN,Nizami m.,4 otaqlı,276 m²,3/16 mərtəbə,"Bakı, bugün 21:58"
/items/4690398,False,True,False,Kompleks,416 480AZN,Nizami m.,2 otaqlı,152 m²,3/16 mərtəbə,"Bakı, bugün 21:58"
/items/4836478,True,False,True,,142 000AZN,Elmlər Akademiyası m.,2 otaqlı,47.1 m²,19/20 mərtəbə,"Bakı, bugün 22:01"
/items/4690403,False,True,False,Kompleks,1 485 000AZN,Nizami m.,8 otaqlı,450 m²,16/16 mərtəbə,"Bakı, bugün 21:57"
/items/4656470,True,True,True,Agentlik,335 000AZN,8 Noyabr m.,3 otaqlı,160 m²,15/21 mərtəbə,"Bakı, bugün 21:57"
/items/4797145,True,True,True,Agentlik,430 000AZN,Nizami m.,3 otaqlı,174 m²,9/22 mərtəbə,"Bakı, bugün 21:57"
/items/4423005,True,False,True,Agentlik,340 000AZN,8 Noyabr m.,3 otaqlı,150 m²,8/16 mərtəbə,"Bakı, bugün 21:56"
/items/4672585,True,True,True,,460 000AZN,Nəriman Nərimanov m.,3 otaqlı,198 m²,15/16 mərtəbə,"Bakı, bugün 21:56"
/items/4765452,False,False,True,Agentlik,167 000AZN,28 May m.,2 otaqlı,62 m²,10/11 mərtəbə,"Bakı, bugün 21:56"
/items/4431683,False,False,False,Agentlik,680 000AZN,Ağ şəhər q.,4 otaqlı,194 m²,14/20 mərtəbə,"Bakı, bugün 21:56"
/items/4836475,False,False,True,Agentlik,359 000AZN,Nəsimi r.,3 otaqlı,125 m²,8/18 mərtəbə,"Bakı, bugün 22:26"
/items/4800021,True,False,True,,68 000AZN,Masazır q.,2 otaqlı,57 m²,1/6 mərtəbə,"Bakı, bugün 21:55"
/items/4836474,True,False,True,,120 000AZN,Biləcəri q.,3 otaqlı,60 m²,2/5 mərtəbə,"Bakı, bugün 21:55"
/items/4828671,False,False,True,,90 000AZN,Masazır q.,3 otaqlı,76 m²,3/6 mərtəbə,"Bakı, bugün 21:54"
/items/4785486,True,True,True,,295 000AZN,8-ci mikrorayon q.,3 otaqlı,103 m²,15/17 mərtəbə,"Bakı, bugün 21:54"
/items/4836473,True,False,True,,168 000AZN,Qara Qarayev m.,3 otaqlı,85 m²,2/5 mərtəbə,"Bakı, bugün 22:32"
/items/4735859,False,False,False,,213 000AZN,Qara Qarayev m.,3 otaqlı,92 m²,6/14 mərtəbə,"Bakı, bugün 21:53"
/items/4809358,True,False,True,Agentlik,430 000AZN,Nizami m.,3 otaqlı,174 m²,8/21 mərtəbə,"Bakı, bugün 21:53"
/items/4812496,True,True,True,Agentlik,2 200 000AZN,Şah İsmayıl Xətai m.,5 otaqlı,500 m²,7/28 mərtəbə,"Bakı, bugün 21:52"
/items/4815545,True,True,True,Agentlik,1 400 000AZN,Nizami m.,7 otaqlı,750 m²,22/23 mərtəbə,"Bakı, bugün 21:52"
/items/4836472,False,False,True,,104 700AZN,Əhmədli q.,1 otaqlı,44 m²,3/5 mərtəbə,"Bakı, bugün 21:58"
/items/4377000,True,False,True,Agentlik,400 000AZN,28 May m.,3 otaqlı,161 m²,8/16 mərtəbə,"Bakı, bugün 21:58"
/items/4649161,True,False,True,Agentlik,585 000AZN,28 May m.,4 otaqlı,188 m²,9/17 mərtəbə,"Bakı, bugün 21:51"
/items/4582700,True,True,True,,999 000AZN,Nizami m.,5 otaqlı,330 m²,10/14 mərtəbə,"Bakı, bugün 21:51"
/items/4816845,False,False,True,,126 000AZN,Əhmədli q.,2 otaqlı,55 m²,5/7 mərtəbə,"Bakı, bugün 21:51"
/items/4836468,True,True,True,Agentlik,346 000AZN,Nərimanov r.,3 otaqlı,117 m²,10/16 mərtəbə,"Bakı, bugün 21:50"
/items/4787833,False,False,True,,84 500AZN,Masazır q.,3 otaqlı,65 m²,6/14 mərtəbə,"Bakı, bugün 21:48"
/items/4700709,True,True,True,,175 000AZN,Nəsimi m.,2 otaqlı,64 m²,5/17 mərtəbə,"Bakı, bugün 21:48"
/items/4533880,True,False,True,Agentlik,350 000AZN,28 May m.,3 otaqlı,110 m²,9/17 mərtəbə,"Bakı, bugün 21:58"
/items/4779651,True,True,True,,97 000AZN,Masazır q.,2 otaqlı,60 m²,3/7 mərtəbə,"Bakı, bugün 21:46"
/items/4798008,True,False,True,Agentlik,260 000AZN,Qara Qarayev m.,3 otaqlı,110 m²,4/17 mərtəbə,"Bakı, bugün 21:50"
/items/4836466,True,False,True,Agentlik,330 000AZN,Elmlər Akademiyası m.,2 otaqlı,101.3 m²,2/16 mərtəbə,"Bakı, bugün 21:46"
/items/4816276,False,False,False,Agentlik,328 000AZN,Ağ şəhər q.,2 otaqlı,90 m²,2/8 mərtəbə,"Bakı, bugün 21:45"
/items/4816662,False,False,False,Agentlik,351 300AZN,Ağ şəhər q.,2 otaqlı,98 m²,7/8 mərtəbə,"Bakı, bugün 21:45"
/items/4352560,True,False,True,Agentlik,360 000AZN,Sahil m.,3 otaqlı,80 m²,3/7 mərtəbə,"Bakı, bugün 21:44"
/items/4836463,True,True,True,Agentlik,350 000AZN,8 Noyabr m.,3 otaqlı,115 m²,9/10 mərtəbə,"Bakı, bugün 21:43"
/items/4836461,True,False,True,Agentlik,345 000AZN,Nəsimi r.,3 otaqlı,135 m²,14/18 mərtəbə,"Bakı, bugün 21:43"
/items/4824641,True,False,True,Agentlik,230 000AZN,İnşaatçılar m.,2 otaqlı,80 m²,14/16 mərtəbə,"Bakı, bugün 21:42"
/items/4792938,True,False,True,Agentlik,215 000AZN,Xətai r.,3 otaqlı,100 m²,3/6 mərtəbə,"Bakı, bugün 21:42"
/items/4833910,True,False,True,,240 000AZN,Nizami m.,4 otaqlı,80 m²,3/3 mərtəbə,"Bakı, bugün 21:42"
/items/4824286,True,False,True,Agentlik,350 000AZN,Qara Qarayev m.,3 otaqlı,125 m²,10/18 mərtəbə,"Bakı, bugün 21:42"
/items/4675538,False,False,False,Agentlik,586 460AZN,Xətai r.,3 otaqlı,100 m²,3/7 mərtəbə,"Bakı, bugün 21:42"
/items/4828735,False,False,True,Agentlik,376 000AZN,Ağ şəhər q.,2 otaqlı,68 m²,3/6 mərtəbə,"Bakı, bugün 21:42"
/items/4646071,True,False,True,,240 000AZN,Səbail r.,3 otaqlı,125 m²,14/15 mərtəbə,"Bakı, bugün 21:42"
/items/4828380,False,False,True,Agentlik,350 000AZN,Ağ şəhər q.,2 otaqlı,50 m²,4/7 mərtəbə,"Bakı, bugün 21:41"
/items/4811522,False,True,False,Agentlik,431 200AZN,Ağ şəhər q.,2 otaqlı,88 m²,7/8 mərtəbə,"Bakı, bugün 21:41"
/items/4734579,False,False,False,Agentlik,310 000AZN,Ağ şəhər q.,2 otaqlı,60 m²,4/7 mərtəbə,"Bakı, bugün 21:41"
/items/4793024,False,False,False,Agentlik,407 000AZN,Ağ şəhər q.,4 otaqlı,145 m²,3/7 mərtəbə,"Bakı, bugün 21:41"
/items/4512003,True,False,True,Agentlik,285 000AZN,Nəsimi r.,3 otaqlı,96 m²,3/16 mərtəbə,"Bakı, bugün 21:41"
/items/4741834,False,False,False,Agentlik,1 200 000AZN,Ağ şəhər q.,6 otaqlı,245 m²,2/6 mərtəbə,"Bakı, bugün 21:41"
/items/4803999,False,False,False,,51 300AZN,Mehdiabad q.,3 otaqlı,57 m²,4/5 mərtəbə,"Bakı, bugün 21:41"
/items/4782641,False,True,False,Agentlik,490 000AZN,Ağ şəhər q.,4 otaqlı,167 m²,5/6 mərtəbə,"Bakı, bugün 21:41"
/items/4551314,True,True,True,Agentlik,385 000AZN,Nəriman Nərimanov m.,4 otaqlı,175 m²,7/20 mərtəbə,"Bakı, bugün 21:39"
/items/4836459,True,True,True,Agentlik,220 000AZN,28 May m.,2 otaqlı,92 m²,3/18 mərtəbə,"Bakı, bugün 21:39"
/items/4836454,True,False,True,Agentlik,225 000AZN,Neftçilər m.,4 otaqlı,125 m²,16/17 mərtəbə,"Bakı, bugün 21:37"
/items/4831147,False,False,False,,51 000AZN,Masazır q.,1 otaqlı,54 m²,3/5 mərtəbə,"Bakı, bugün 21:37"
/items/4836453,True,False,True,,63 000AZN,Masazır q.,2 otaqlı,44 m²,5/6 mərtəbə,"Bakı, bugün 21:37"
/items/4810290,True,False,True,Agentlik,545 000AZN,Yasamal r.,3 otaqlı,147 m²,19/27 mərtəbə,"Bakı, bugün 21:36"
/items/4433320,True,True,True,,390 000AZN,Nəsimi r.,3 otaqlı,130 m²,14/16 mərtəbə,"Bakı, bugün 21:36"
/items/4836450,True,True,True,Agentlik,299 000AZN,8 Noyabr m.,3 otaqlı,154 m²,13/15 mərtəbə,"Bakı, bugün 21:35"
/items/4823506,True,True,True,,80 000AZN,Əhmədli m.,3 otaqlı,72 m²,1/5 mərtəbə,"Bakı, bugün 21:34"
/items/4623493,True,True,True,,345 000AZN,Kubinka q.,3 otaqlı,101 m²,12/16 mərtəbə,"Bakı, bugün 21:34"
/items/4836445,False,False,True,Agentlik,360 000AZN,7-ci mikrorayon q.,4 otaqlı,182 m²,12/13 mərtəbə,"Bakı, bugün 21:31"
/items/4836443,True,True,False,Agentlik,330 000AZN,28 May m.,3 otaqlı,135 m²,12/18 mərtəbə,"Bakı, bugün 21:30"
/items/4818051,False,False,True,Agentlik,123 000AZN,Əhmədli q.,2 otaqlı,71 m²,2/7 mərtəbə,"Bakı, bugün 21:39"
/items/4820293,False,False,True,,220 000AZN,Yasamal r.,3 otaqlı,123 m²,15/22 mərtəbə,"Bakı, bugün 21:28"
/items/4762850,True,True,True,Agentlik,230 000AZN,Səbail r.,3 otaqlı,110 m²,4/19 mərtəbə,"Bakı, bugün 21:28"
/items/4179740,False,False,False,Kompleks,196 000AZN,Nəriman Nərimanov m.,2 otaqlı,67 m²,8/19 mərtəbə,"Bakı, bugün 21:27"
/items/4792286,False,False,False,,640 000AZN,Ağ şəhər q.,3 otaqlı,145 m²,3/7 mərtəbə,"Bakı, bugün 21:27"
/items/4126392,False,False,True,Kompleks,670 000AZN,Nərimanov r.,5 otaqlı,216 m²,15/19 mərtəbə,"Bakı, bugün 21:27"
/items/3891023,False,False,False,Kompleks,300 000AZN,Nərimanov r.,3 otaqlı,105 m²,8/19 mərtəbə,"Bakı, bugün 21:26"
/items/3891133,False,False,False,Kompleks,589 950AZN,Nərimanov r.,4 otaqlı,207 m²,11/15 mərtəbə,"Bakı, bugün 21:26"
/items/4179699,False,False,False,Kompleks,390 450AZN,Nəriman Nərimanov m.,3 otaqlı,137 m²,8/19 mərtəbə,"Bakı, bugün 21:26"
/items/4809918,True,False,True,Agentlik,115 000AZN,7-ci mikrorayon q.,2 otaqlı,55 m²,4/5 mərtəbə,"Bakı, bugün 21:26"
/items/4808835,False,False,True,Agentlik,240 000AZN,Memar Əcəmi m.,3 otaqlı,105 m²,11/14 mərtəbə,"Bakı, bugün 21:26"
/items/4836436,True,False,True,,125 000AZN,M.Ə.Rəsulzadə q.,3 otaqlı,60 m²,5/9 mərtəbə,"Bakı, bugün 21:25"
/items/4836437,True,True,True,,225 000AZN,Avtovağzal m.,4 otaqlı,125 m²,14/17 mərtəbə,"Bakı, bugün 21:25"
/items/4836435,True,False,True,,123 000AZN,Lökbatan q.,4 otaqlı,84 m²,1/5 mərtəbə,"Bakı, bugün 21:24"
/items/4762105,True,False,True,,340 000AZN,Nərimanov r.,7 otaqlı,202 m²,9/10 mərtəbə,"Bakı, bugün 21:24"
/items/4820948,True,True,True,Agentlik,450 000AZN,Elmlər Akademiyası m.,4 otaqlı,179 m²,27/27 mərtəbə,"Bakı, bugün 21:23"
/items/4836432,True,True,True,,95 000AZN,Bakıxanov q.,2 otaqlı,41 m²,5/5 mərtəbə,"Bakı, bugün 21:23"
/items/4751571,True,False,True,Agentlik,399 000AZN,Nizami m.,4 otaqlı,167 m²,11/18 mərtəbə,"Bakı, bugün 21:22"
/items/4800839,True,False,True,Agentlik,135 000AZN,Nizami m.,1 otaqlı,40 m²,2/5 mərtəbə,"Bakı, bugün 21:21"
/items/4827521,True,True,True,Agentlik,439 000AZN,Şah İsmayıl Xətai m.,4 otaqlı,190 m²,16/18 mərtəbə,"Bakı, bugün 21:21"
/items/4130292,True,True,True,Agentlik,345 000AZN,Nizami m.,3 otaqlı,145 m²,16/18 mərtəbə,"Bakı, bugün 21:21"
/items/4828601,True,True,True,,435 000AZN,Gənclik m.,3 otaqlı,145 m²,12/18 mərtəbə,"Bakı, bugün 21:21"
/items/4760619,True,False,True,Agentlik,359 000AZN,Nərimanov r.,3 otaqlı,138 m²,5/14 mərtəbə,"Bakı, bugün 21:20"
/items/4813633,True,False,True,,390 000AZN,Nizami m.,3 otaqlı,105 m²,1/4 mərtəbə,"Bakı, bugün 21:20"
/items/4783221,True,True,False,Agentlik,208 000AZN,Həzi Aslanov m.,3 otaqlı,105 m²,10/21 mərtəbə,"Bakı, bugün 21:20"
/items/4771992,True,True,False,Agentlik,150 000AZN,Xətai r.,2 otaqlı,80 m²,6/21 mərtəbə,"Bakı, bugün 21:20"
/items/4799150,True,True,True,Agentlik,202 000AZN,Nərimanov r.,2 otaqlı,62 m²,8/14 mərtəbə,"Bakı, bugün 21:19"
/items/4823473,True,False,True,,144 000AZN,7-ci mikrorayon q.,3 otaqlı,90 m²,5/5 mərtəbə,"Bakı, bugün 21:19"
/items/4773020,True,True,True,,76 000AZN,Masazır q.,2 otaqlı,60 m²,5/6 mərtəbə,"Bakı, bugün 21:17"
/items/4814570,False,False,True,Agentlik,254 900AZN,Nərimanov r.,4 otaqlı,106 m²,7/16 mərtəbə,"Bakı, bugün 21:17"
/items/4831017,True,False,True,Agentlik,136 000AZN,Memar Əcəmi m.,2 otaqlı,55 m²,3/5 mərtəbə,"Bakı, bugün 21:16"
/items/4685057,True,True,True,,368 000AZN,8-ci mikrorayon q.,3 otaqlı,152 m²,14/17 mərtəbə,"Bakı, bugün 21:16"
/items/4823530,False,False,False,,610 000AZN,Ağ şəhər q.,4 otaqlı,194 m²,8/8 mərtəbə,"Bakı, bugün 21:15"
/items/4836427,True,False,True,,180 000AZN,Həzi Aslanov q.,3 otaqlı,88 m²,3/16 mərtəbə,"Bakı, bugün 21:14"
/items/4765664,True,True,True,,112 000AZN,Bakıxanov q.,2 otaqlı,67 m²,2/19 mərtəbə,"Bakı, bugün 21:14"
/items/4836426,True,True,True,Agentlik,243 000AZN,Gənclik m.,2 otaqlı,77 m²,10/10 mərtəbə,"Bakı, bugün 21:14"
/items/4836425,False,False,True,,104 000AZN,Əmircan q.,2 otaqlı,62 m²,11/12 mərtəbə,"Bakı, bugün 21:13"
/items/4836423,False,False,True,,180 000AZN,Memar Əcəmi m.,3 otaqlı,76 m²,7/14 mərtəbə,"Bakı, bugün 21:13"
/items/4836420,True,False,True,Agentlik,50 000AZN,Sahil m.,1 otaqlı,15 m²,2/2 mərtəbə,"Bakı, bugün 21:11"
/items/4622259,False,False,True,,59 000AZN,Masazır q.,2 otaqlı,44 m²,5/6 mərtəbə,"Bakı, bugün 21:11"
/items/4836415,True,True,True,,146 000AZN,Əhmədli m.,2 otaqlı,64 m²,3/9 mərtəbə,"Bakı, bugün 21:11"
/items/4766209,True,False,True,,132 000AZN,Memar Əcəmi m.,2 otaqlı,50 m²,4/5 mərtəbə,"Bakı, bugün 21:09"
/items/4818701,False,False,True,Agentlik,165 000AZN,20 Yanvar m.,2 otaqlı,70 m²,13/18 mərtəbə,"Bakı, bugün 21:07"
/items/4769776,False,False,False,Agentlik,315 000AZN,Ağ şəhər q.,2 otaqlı,63 m²,14/20 mərtəbə,"Bakı, bugün 21:07"
/items/4769890,True,True,True,Agentlik,299 000AZN,Şah İsmayıl Xətai m.,3 otaqlı,90 m²,4/7 mərtəbə,"Bakı, bugün 21:07"
/items/4786675,True,False,True,,280 000AZN,Bayıl q.,3 otaqlı,92 m²,7/7 mərtəbə,"Bakı, bugün 21:07"
/items/4621700.html,False,False,False,Agentlik,644 000AZN,Ağ şəhər q.,4 otaqlı,150 m²,5/7 mərtəbə,"Bakı, bugün 21:06"
/items/4661237,False,False,False,Agentlik,135 300AZN,Həzi Aslanov m.,2 otaqlı,82 m²,6/13 mərtəbə,"Bakı, bugün 21:06"
/items/4568051,True,True,True,Agentlik,293 000AZN,Gənclik m.,3 otaqlı,109 m²,8/16 mərtəbə,"Bakı, bugün 21:05"
/items/4825819,False,False,True,Agentlik,195 000AZN,Həzi Aslanov m.,3 otaqlı,102 m²,15/17 mərtəbə,"Bakı, bugün 21:05"
/items/4818083,False,False,True,Agentlik,620 000AZN,Nəriman Nərimanov m.,4 otaqlı,182 m²,16/18 mərtəbə,"Bakı, bugün 21:02"
/items/4830911,True,False,True,Agentlik,140 000AZN,Nərimanov r.,2 otaqlı,55 m²,3/5 mərtəbə,"Bakı, bugün 21:02"
/items/4672911,False,False,False,Agentlik,265 000AZN,Nardaran q.,1 otaqlı,70 m²,6/7 mərtəbə,"Bakı, bugün 21:02"
/items/4825895,True,True,True,Agentlik,450 000AZN,İnşaatçılar m.,4 otaqlı,178 m²,27/27 mərtəbə,"Bakı, bugün 21:02"
/items/4444996,True,False,False,,215 000AZN,Bayıl q.,2 otaqlı,77 m²,5/19 mərtəbə,"Bakı, bugün 21:02"
/items/4006281,False,False,False,Agentlik,195 000AZN,Nardaran q.,1 otaqlı,53 m²,6/7 mərtəbə,"Bakı, bugün 21:01"
/items/4797577,True,True,True,,255 000AZN,20 Yanvar m.,3 otaqlı,110 m²,14/17 mərtəbə,"Bakı, bugün 21:01"
/items/4742828,False,False,True,Agentlik,400 000AZN,Elmlər Akademiyası m.,3 otaqlı,135 m²,8/20 mərtəbə,"Bakı, bugün 21:01"
/items/4095188,False,False,False,Agentlik,355 000AZN,Nardaran q.,2 otaqlı,107 m²,2/7 mərtəbə,"Bakı, bugün 21:01"
/items/4047429,False,False,True,Agentlik,430 000AZN,Nardaran q.,2 otaqlı,84 m²,3/8 mərtəbə,"Bakı, bugün 21:01"
/items/4831349,False,False,True,Agentlik,270 000AZN,Nəriman Nərimanov m.,3 otaqlı,105 m²,14/17 mərtəbə,"Bakı, bugün 21:00"
/items/3048306,True,False,True,Agentlik,305 000AZN,Nəriman Nərimanov m.,3 otaqlı,131 m²,12/14 mərtəbə,"Bakı, bugün 21:00"
/items/4785536,True,True,True,,96 400AZN,Zabrat q.,2 otaqlı,73 m²,6/10 mərtəbə,"Bakı, bugün 21:00"
/items/4833842,True,True,True,Agentlik,170 000AZN,Nəriman Nərimanov m.,2 otaqlı,75 m²,16/17 mərtəbə,"Bakı, bugün 21:00"
/items/4171646,True,True,True,,140 000AZN,Əhmədli m.,2 otaqlı,60 m²,6/9 mərtəbə,"Bakı, bugün 20:59"
/items/4695490,True,False,True,,569 500AZN,28 May m.,5 otaqlı,260 m²,5/12 mərtəbə,"Bakı, bugün 20:59"
/items/4688996,True,False,True,Agentlik,149 000AZN,Yasamal r.,1 otaqlı,43 m²,5/16 mərtəbə,"Bakı, bugün 20:59"
/items/4680267,True,False,True,,539 000AZN,Nizami m.,3 otaqlı,155 m²,8/12 mərtəbə,"Bakı, bugün 20:58"
/items/4679695,True,False,True,Agentlik,135 000AZN,20 Yanvar m.,2 otaqlı,50 m²,4/5 mərtəbə,"Bakı, bugün 20:58"
/items/4470280,True,False,True,Agentlik,248 000AZN,Nəsimi r.,3 otaqlı,118 m²,4/14 mərtəbə,"Bakı, bugün 20:58"
/items/4685944,True,False,True,Agentlik,242 000AZN,Nəsimi r.,3 otaqlı,92 m²,9/13 mərtəbə,"Bakı, bugün 20:58"
/items/4713692,True,False,True,Agentlik,265 000AZN,20 Yanvar m.,4 otaqlı,140 m²,7/24 mərtəbə,"Bakı, bugün 20:58"
/items/4778659,True,False,True,,685 000AZN,Ağ şəhər q.,4 otaqlı,165 m²,2/7 mərtəbə,"Bakı, bugün 20:57"
/items/4705939,False,False,True,Agentlik,330 000AZN,Elmlər Akademiyası m.,4 otaqlı,170 m²,6/16 mərtəbə,"Bakı, bugün 20:57"
/items/4624119,True,False,True,,480 000AZN,8 Noyabr m.,4 otaqlı,206 m²,3/14 mərtəbə,"Bakı, bugün 20:56"
/items/4836408,True,True,True,,205 000AZN,Yeni Yasamal q.,3 otaqlı,96 m²,4/11 mərtəbə,"Bakı, bugün 20:56"
/items/4836407,True,True,True,Agentlik,160 000AZN,Yasamal r.,2 otaqlı,65 m²,5/9 mərtəbə,"Bakı, bugün 20:55"
/items/4144482,True,False,True,Agentlik,330 000AZN,Nəsimi r.,3 otaqlı,161 m²,7/16 mərtəbə,"Bakı, bugün 20:56"
/items/4780044,True,True,True,Agentlik,180 000AZN,Gənclik m.,2 otaqlı,70 m²,12/17 mərtəbə,"Bakı, bugün 20:54"
/items/4061952,True,False,True,Agentlik,270 000AZN,Nəsimi r.,3 otaqlı,141 m²,8/16 mərtəbə,"Bakı, bugün 20:54"
/items/4094284,True,False,True,Agentlik,400 000AZN,Nəriman Nərimanov m.,4 otaqlı,186 m²,5/16 mərtəbə,"Bakı, bugün 20:53"
